identifier,VARIABLE_COSTS_IN_EURO,REVENUES_IN_EURO,PRODUCTION_IN_MWH,CONTRIBUTION_MARGIN_IN_EURO
20000100021,47896307.39275556,991982951.4175805,25208582.838292394,944086644.024825
19641200026,0.0,732448158.6227204,18624635.99999999,732448158.6227204
20062400023,109111540.01260571,3057008424.610592,80823362.9723005,2947896884.597986
20102100030,0.0,1899396162.801005,50877740.2720072,1899396162.801005
20142300031,110357111.5606221,1574563119.9412928,40873004.281711884,1464206008.3806705
19851400028,709963382.5338277,2955549583.3344207,74259244.44886312,2245586200.800593
19822900027,1472112866.909959,1567541920.8571074,36159080.46745713,95429053.94714832
19892800024,61271423.95789971,61271423.957899705,1066084.7041158723,-7.450580596923828e-09
19920300022,8400024324.166846,8788110651.95013,217108263.1152519,388086327.7832842
